PhoneticFeature, PositionFeature, DistanceFeature, SentLenFeature, Score
1.000000000000000000e+00,2.989999999999999949e-02,-4.569999999999999757e-02,-1.299999999999999940e-03,1.389999999999999916e-02
2.989999999999999949e-02,1.000000000000000000e+00,6.239999999999999714e-02,-1.699999999999999905e-03,9.229999999999999316e-02
-4.569999999999999757e-02,6.239999999999999714e-02,1.000000000000000000e+00,5.340000000000000302e-02,-1.739999999999999880e-02
-1.299999999999999940e-03,-1.699999999999999905e-03,5.340000000000000302e-02,1.000000000000000000e+00,1.389999999999999916e-02
1.389999999999999916e-02,9.229999999999999316e-02,-1.739999999999999880e-02,1.389999999999999916e-02,1.000000000000000000e+00
